"MAIN STORE LINK","DESIGNER NAME","PRICE RANGE","CATEGORY","WEBSITE","INSTAGRAM URL","STORE 1","STORE 2 ","STORE 3 ","STORE 4 ","STORE 5 ","STORE 6","STORE 7","STORE 8","STORE 9","STORE 10","STORE 11","STORE 12","STORE 13","STORE 14","IMAGE 1","IMAGE 2","IMAGE 3","IMAGE 4","IMAGE 5","IMAGE 6","categories"
"https://aashniandco.com/designers/5-elements-by-radhika-gupta.html","5 Elements by Radhika Gupta","1900-8200","Women","https://5-elements.co.in/","https://www.instagram.com/5_elementsbyradhikagupta/?hl=en","B 44, Sector 60, Noida U.P India, Zip Code - 201301","","","","","","","","","","","","","","https://static.aashniandco.com/pub/media/catalog/product/cache/6d9df047c2ec4b20303e23a40cded5ce/b/u/buy_rose_gold_thread_embroidered_juttis_by_5_elements_by_radhika_gupta-elejun23kd10__1_.jpg","https://static.aashniandco.com/pub/media/catalog/product/cache/6d9df047c2ec4b20303e23a40cded5ce/b/u/buy_beige_thread_embroidered_juttis_by_5_elements_by_radhika_gupta-elejun23kd12__1_.jpg","https://static.aashniandco.com/pub/media/catalog/product/cache/6d9df047c2ec4b20303e23a40cded5ce/b/u/buy_yellow_thread_embroidered_juttis_by_5_elements_by_radhika_gupta-elejun23kd13__1_.jpg","https://static.aashniandco.com/pub/media/catalog/product/cache/6d9df047c2ec4b20303e23a40cded5ce/b/u/buy_pink_thread_embroidered_juttis_by_5_elements_by_radhika_gupta-elejun23kd11__1_.jpg","https://static.aashniandco.com/pub/media/catalog/product/cache/6d9df047c2ec4b20303e23a40cded5ce/p/i/pink_ghungroo_embellished_juttis_1_.jpg","https://static.aashniandco.com/pub/media/catalog/product/cache/6d9df047c2ec4b20303e23a40cded5ce/b/u/buy_red_ghungroo_embellished_juttis_by_5_elements_by_radhika_gupta-elejun2305_1_.jpg","Bags, Shoes"
"https://aashniandco.com/designers/7th-avenue-jewellery.html","7th Avenue Jewellery","4599-32836","Women","https://7thavenuejewellery.com/","https://www.instagram.com/7thavenuejewellery/","","","","","","","","","","","","","","","https://static.aashniandco.com/pub/media/catalog/product/cache/6d9df047c2ec4b20303e23a40cded5ce/b/u/buy_emerald_swarovski_embellished_necklace_set_by_7th_avenue_jewellery__1_.jpg","https://static.aashniandco.com/pub/media/catalog/product/cache/6d9df047c2ec4b20303e23a40cded5ce/b/u/buy_emerald_embellished_choker_set_by_7th_avenue_jewellery__1_.jpg","https://static.aashniandco.com/pub/media/catalog/product/cache/6d9df047c2ec4b20303e23a40cded5ce/b/u/buy_turquoise_embellished_bracelet_by_7th_avenue_jewellery__1_.jpg","https://static.aashniandco.com/pub/media/catalog/product/cache/6d9df047c2ec4b20303e23a40cded5ce/b/u/buy_maroon_pearl_embellished_bracelet_by_7th_avenue_jewellery__1_.jpg","https://static.aashniandco.com/pub/media/catalog/product/cache/6d9df047c2ec4b20303e23a40cded5ce/b/u/buy_pearl_embellished_bracelet_by_7th_avenue_jewellery__1_.jpg","https://static.aashniandco.com/pub/media/catalog/product/cache/6d9df047c2ec4b20303e23a40cded5ce/b/u/buy_emerald_embellished_bracelet_by_7th_avenue_jewellery__1_.jpg","Bangles & Bracelets, Earrings, Necklaces"
"https://aashniandco.com/designers/adorn-by-nikita.html","Adorn by Nikita","","","","","","","","","","","","","","","","","","","","","","","","",""
"https://aashniandco.com/designers/amalfiee.html","Amalfiee","2700-91947","Women","https://www.amalfieeceramics.com/","https://www.facebook.com/Amalfieeceramics/","","","","","","","","","","","","","","","https://static.aashniandco.com/pub/media/catalog/product/cache/6d9df047c2ec4b20303e23a40cded5ce/a/m/amesep2212__1_.jpg","https://static.aashniandco.com/pub/media/catalog/product/cache/6d9df047c2ec4b20303e23a40cded5ce/a/m/amesep2211__1_.jpg","https://static.aashniandco.com/pub/media/catalog/product/cache/6d9df047c2ec4b20303e23a40cded5ce/a/m/amesep2210__1_.jpg","https://static.aashniandco.com/pub/media/catalog/product/cache/6d9df047c2ec4b20303e23a40cded5ce/a/m/amesep2209__1_.jpg","https://static.aashniandco.com/pub/media/catalog/product/cache/6d9df047c2ec4b20303e23a40cded5ce/a/m/amesep2208__1_.jpg","https://static.aashniandco.com/pub/media/catalog/product/cache/6d9df047c2ec4b20303e23a40cded5ce/a/m/amesep2207__1_.jpg","Bowls, Cups & Mugs, Dinnerware"
"https://aashniandco.com/designers/amaris-by-prerna-rajpal.html","Amaris by Prerna Rajpal","165000-1055000","Women","https://www.amarisjewels.com/","https://www.instagram.com/amarisbyprernarajpal/?img_index=1","","","","","","","","","","","","","","","https://static.aashniandco.com/pub/media/catalog/product/cache/6d9df047c2ec4b20303e23a40cded5ce/a/p/apramr077e_a_.jpg","https://static.aashniandco.com/pub/media/catalog/product/cache/6d9df047c2ec4b20303e23a40cded5ce/a/p/apramr079e_a_.jpg","https://static.aashniandco.com/pub/media/catalog/product/cache/6d9df047c2ec4b20303e23a40cded5ce/a/p/apramr061e_a_.jpg","https://static.aashniandco.com/pub/media/catalog/product/cache/6d9df047c2ec4b20303e23a40cded5ce/a/p/apramr044e_a_.jpg","https://static.aashniandco.com/pub/media/catalog/product/cache/6d9df047c2ec4b20303e23a40cded5ce/a/p/apramr113e_a_.jpg","https://static.aashniandco.com/pub/media/catalog/product/cache/6d9df047c2ec4b20303e23a40cded5ce/a/p/apramr112e_a_.jpg","Bangles & Bracelets, Earrings, Hair Accessories, Necklaces, Rings"
"https://aashniandco.com/designers/annu-s-creation.html","Annu's Creation","100300-767000","Women","https://www.annuscreation.in/","https://www.instagram.com/annus_creation/?hl=en","","","","","","","","","","","","","","","https://static.aashniandco.com/pub/media/catalog/product/cache/6d9df047c2ec4b20303e23a40cded5ce/b/u/buy_hot_pink_zardozi_embroidered_lehenga_set_by_annu_s_creation-annjun2313__1_.jpg","https://static.aashniandco.com/pub/media/catalog/product/cache/6d9df047c2ec4b20303e23a40cded5ce/b/u/buy_dark_maroon_zardozi_and_resham_embroidered_lehenga_set_by_annu_s_creation-annjun2314__1_.jpg","https://static.aashniandco.com/pub/media/catalog/product/cache/6d9df047c2ec4b20303e23a40cded5ce/b/u/buy_ivory_and_red_zardozi_embroidered_lehenga_set_by_annu_s_creation-annjun2316__1_.jpg","https://static.aashniandco.com/pub/media/catalog/product/cache/6d9df047c2ec4b20303e23a40cded5ce/b/u/buy_red_zardozi_embroidered_lehenga_set_by_annu_s_creation-annjun2312__1_.jpg","https://static.aashniandco.com/pub/media/catalog/product/cache/6d9df047c2ec4b20303e23a40cded5ce/b/u/buy_ivory_zardozi_and_resham_embroidered_lehenga_set_by_annu_s_creation-annjun2315__1_.jpg","https://static.aashniandco.com/pub/media/catalog/product/cache/6d9df047c2ec4b20303e23a40cded5ce/b/u/buy_wine_sequin_and_pearl_embroidered_lehenga_set_by_annu_s_creation-annjun2308__1_.jpg","Lehengas"
"https://aashniandco.com/designers/apala-by-sumit.html","Apala by Sumit","13287-45526","Women","https://www.facebook.com/apalajewelry/","https://www.instagram.com/apalabysumitofficial/?hl=en","","","","","","","","","","","","","","","https://static.aashniandco.com/pub/media/catalog/product/cache/6d9df047c2ec4b20303e23a40cded5ce/a/p/apaju19005_a.jpg","https://static.aashniandco.com/pub/media/catalog/product/cache/6d9df047c2ec4b20303e23a40cded5ce/a/p/apaju19010_a.jpg","https://static.aashniandco.com/pub/media/catalog/product/cache/6d9df047c2ec4b20303e23a40cded5ce/a/p/apaju19011_a.jpg","https://static.aashniandco.com/pub/media/catalog/product/cache/6d9df047c2ec4b20303e23a40cded5ce/a/p/apaju19007_a.jpg","https://static.aashniandco.com/pub/media/catalog/product/cache/6d9df047c2ec4b20303e23a40cded5ce/a/p/apaju19013_a.jpg","https://static.aashniandco.com/pub/media/catalog/product/cache/6d9df047c2ec4b20303e23a40cded5ce/a/p/apajul04_a_.jpg","Earrings"
"https://aashniandco.com/designers/artsie-ville.html","Artsie Ville","","","","","","","","","","","","","","","","","","","","","","","","",""
"https://aashniandco.com/designers/atelier-mon.html","Atelier Mon","1650-4150","Women","https://www.ateliermon.com/","https://www.instagram.com/ateliermon/?hl=en","","","","","","","","","","","","","","","https://static.aashniandco.com/pub/media/catalog/product/cache/6d9df047c2ec4b20303e23a40cded5ce/b/u/buy_aqua_chalcedony_crystal_cluster_necklace_by_atelier_mon-atmjun2315__1_.jpg","https://static.aashniandco.com/pub/media/catalog/product/cache/6d9df047c2ec4b20303e23a40cded5ce/b/u/buy_aqua_pearl_and_chalcedony_crystal_ring_by_atelier_mon-atmjun2318__1_.jpg","https://static.aashniandco.com/pub/media/catalog/product/cache/6d9df047c2ec4b20303e23a40cded5ce/b/u/buy_turquoise_chalcedony_crystal_drop_earrings_by_atelier_mon-atmjun2304__1_.jpg","https://static.aashniandco.com/pub/media/catalog/product/cache/6d9df047c2ec4b20303e23a40cded5ce/b/u/buy_multicolour_natural_crystal_drop_earrings_by_atelier_mon-atmjun2302__1_.jpg","https://static.aashniandco.com/pub/media/catalog/product/cache/6d9df047c2ec4b20303e23a40cded5ce/b/u/buy_aqua_turquoise_cz_tassel_earrings_by_atelier_mon-atmjun2303__1_.jpg","https://static.aashniandco.com/pub/media/catalog/product/cache/6d9df047c2ec4b20303e23a40cded5ce/b/u/buy_aqua_chalcedony_crystal_layered_necklace_by_atelier_mon-atmjun2314__1_.jpg","Bangles & Bracelets, Earrings, Necklaces, Rings"
"https://aashniandco.com/designers/bblingg-by-meghana.html","Bblingg by Meghana","2000-12200","Women","","","","","","","","","","","","","","","","","https://static.aashniandco.com/pub/media/catalog/product/cache/6d9df047c2ec4b20303e23a40cded5ce/b/u/buy_emerald_swarovski_pearl_and_crystal_embellished_choker_by_bblingg_by_meghana-bblmay2311__1_.jpg","https://static.aashniandco.com/pub/media/catalog/product/cache/6d9df047c2ec4b20303e23a40cded5ce/b/u/buy_white_swarovski_pearl_and_crystal_embellished_choker_by_bblingg_by_meghana-bblmay2310__1_.jpg","https://static.aashniandco.com/pub/media/catalog/product/cache/6d9df047c2ec4b20303e23a40cded5ce/b/u/buy_white_swarovski_crystal_embellished_danglers_by_bblingg_by_meghana-bblmay2304__1_.jpg","https://static.aashniandco.com/pub/media/catalog/product/cache/6d9df047c2ec4b20303e23a40cded5ce/b/u/buy_emerald_swarovski_crystal_embellished_danglers_by_bblingg_by_meghana-bblmay2302__1_.jpg","https://static.aashniandco.com/pub/media/catalog/product/cache/6d9df047c2ec4b20303e23a40cded5ce/b/u/buy_multicolour_swarovski_embellished_danglers_by_bblingg_by_meghana-bblmay2303__1_.jpg","https://static.aashniandco.com/pub/media/catalog/product/cache/6d9df047c2ec4b20303e23a40cded5ce/b/u/buy_multicolour_swarovski_crystal_studded_large_half_hoops_by_bblingg_by_meghana-bblmay2330__1_.jpg","Bangles & Bracelets, Earrings, Hair Accessories, Necklaces, Rings"
"https://aashniandco.com/designers/bindani.html","Bindani","49000-350000","Women","https://www.bindani.in/","https://www.instagram.com/bindaniofficial/?igshid=YmMyMTA2M2Y%3D","","","","","","","","","","","","","","","https://static.aashniandco.com/pub/media/catalog/product/cache/6d9df047c2ec4b20303e23a40cded5ce/b/u/buy_scarlet_red_hand_embroidered_lehenga_set_by_bindani-binaug23d204__1_.jpg","https://static.aashniandco.com/pub/media/catalog/product/cache/6d9df047c2ec4b20303e23a40cded5ce/b/u/buy_red_hand_embroidered_lehenga_set_by_bindani-binaug23d205__3_.jpg","https://static.aashniandco.com/pub/media/catalog/product/cache/6d9df047c2ec4b20303e23a40cded5ce/b/u/buy_red_hand_embroidery_lehenga_set_by_bindani-binaug23d208__1_.jpg","https://static.aashniandco.com/pub/media/catalog/product/cache/6d9df047c2ec4b20303e23a40cded5ce/b/u/buy_rust_rose_hand_embroidered_lehenga_set_by_bindani-binaug23d202__1_.jpg","https://static.aashniandco.com/pub/media/catalog/product/cache/6d9df047c2ec4b20303e23a40cded5ce/b/u/buy_lilac_hand_embroidered_lehenga_set_by_bindani-binaug23d203__2_.jpg","https://static.aashniandco.com/pub/media/catalog/product/cache/6d9df047c2ec4b20303e23a40cded5ce/b/u/buy_ivory_hand_embroidered_lehenga_set_by_bindani-binaug23d207__1_.jpg","Gowns, Jackets, Lehengas, Sherwanis"
"https://aashniandco.com/designers/chhavi-s-jewel.html","Chhavi's Jewel","1500-14700","Women","https://chhavisjewel.com/","https://www.instagram.com/chhavisjewel/","","","","","","","","","","","","","","","https://static.aashniandco.com/pub/media/catalog/product/cache/6d9df047c2ec4b20303e23a40cded5ce/b/u/buy_white_kundan_polki_studded_layered_necklace_set_by_chhavi_s_jewel__1_.jpg","https://static.aashniandco.com/pub/media/catalog/product/cache/6d9df047c2ec4b20303e23a40cded5ce/b/u/buy_yellow_kundan_polki_embellished_long_necklace_set_by_chhavi_s_jewel__1_.jpg","https://static.aashniandco.com/pub/media/catalog/product/cache/6d9df047c2ec4b20303e23a40cded5ce/b/u/buy_white_embellished_long_necklace_set_by_chhavi_s_jewel__1_.jpg","https://static.aashniandco.com/pub/media/catalog/product/cache/6d9df047c2ec4b20303e23a40cded5ce/b/u/buy_aqua_kundan_polki_embellished_choker_set_by_chhavi_s_jewel__1_.jpg","https://static.aashniandco.com/pub/media/catalog/product/cache/6d9df047c2ec4b20303e23a40cded5ce/b/u/buy_blue_kundan_polki_embellished_choker_set_by_chhavi_s_jewel__1_.jpg","https://static.aashniandco.com/pub/media/catalog/product/cache/6d9df047c2ec4b20303e23a40cded5ce/b/u/buy_multicolour_kundan_polki_embellished_choker_set_by_chhavi_s_jewel__1_.jpg","Bangles & Bracelets, Earrings, Hair Accessories, Jewelry Sets, Necklaces"
"https://aashniandco.com/designers/chini-c.html","Chini C","2390-2990","Women","https://chinicdesigns.com/","http://instagram.com/chinicdesigns_by_chini_chouhan/","","","","","","","","","","","","","","","https://static.aashniandco.com/pub/media/catalog/product/cache/6d9df047c2ec4b20303e23a40cded5ce/b/u/buy_gold_embellished_heels_by_chini_c__1_.jpg","https://static.aashniandco.com/pub/media/catalog/product/cache/6d9df047c2ec4b20303e23a40cded5ce/b/u/buy_brown_embellished_heel_sandals_by_chini_c__1_.jpg","https://static.aashniandco.com/pub/media/catalog/product/cache/6d9df047c2ec4b20303e23a40cded5ce/b/u/buy_black_embellished_heel_sandals_by_chini_c__1_.jpg","https://static.aashniandco.com/pub/media/catalog/product/cache/6d9df047c2ec4b20303e23a40cded5ce/b/u/buy_beige_embellished_flats_by_chini_c__1_.jpg","https://static.aashniandco.com/pub/media/catalog/product/cache/6d9df047c2ec4b20303e23a40cded5ce/b/u/buy_cream_embellished_flats_by_chini_c__1_.jpg","https://static.aashniandco.com/pub/media/catalog/product/cache/6d9df047c2ec4b20303e23a40cded5ce/b/u/buy_pink_embellished_flats_by_chini_c__1_.jpg","Shoes"
"https://aashniandco.com/designers/coral-haze-kids.html","Coral Haze Kids","","","","","","","","","","","","","","","","","","","","","","","","",""
"https://aashniandco.com/designers/crimzon-world.html","Crimzon World","3200-8500","Women","https://crimzonworld.com/","https://instagram.com/crimzonworld","","","","","","","","","","","","","","","https://static.aashniandco.com/pub/media/catalog/product/cache/6d9df047c2ec4b20303e23a40cded5ce/s/-/s-926_gld_3.5_01_.jpg","https://static.aashniandco.com/pub/media/catalog/product/cache/6d9df047c2ec4b20303e23a40cded5ce/s/-/s-919_sil_3.5_01_.jpg","https://static.aashniandco.com/pub/media/catalog/product/cache/6d9df047c2ec4b20303e23a40cded5ce/b/u/buy_gold_woven_platform_wedges_by_crimzon_world-cznnov23fes002__1_.jpg","https://static.aashniandco.com/pub/media/catalog/product/cache/6d9df047c2ec4b20303e23a40cded5ce/b/u/buy_silver_laser-cut_platform_wedges_by_crimzon_world-cznnov23fes001__1_.jpg","https://static.aashniandco.com/pub/media/catalog/product/cache/6d9df047c2ec4b20303e23a40cded5ce/b/u/buy_gold_and_silver_block_heels_by_crimzon_world-cznnov23fes004__1_.jpg","https://static.aashniandco.com/pub/media/catalog/product/cache/6d9df047c2ec4b20303e23a40cded5ce/s/-/s-924_blk_4.0_01_.jpg","Shoes"
"https://aashniandco.com/designers/daman-j-singh.html","Daman J Singh","20900-51350","Women","https://m.facebook.com/p/Daman-J-Singh-100064034430458/","","","","","","","","","","","","","","","","https://static.aashniandco.com/pub/media/catalog/product/cache/6d9df047c2ec4b20303e23a40cded5ce/d/a/damdjs01_a_.jpg","https://static.aashniandco.com/pub/media/catalog/product/cache/6d9df047c2ec4b20303e23a40cded5ce/d/a/damdjs20_a_.jpg","https://static.aashniandco.com/pub/media/catalog/product/cache/6d9df047c2ec4b20303e23a40cded5ce/d/a/damdjs21_a_.jpg","https://static.aashniandco.com/pub/media/catalog/product/cache/6d9df047c2ec4b20303e23a40cded5ce/d/a/damdjs19_a_.jpg","https://static.aashniandco.com/pub/media/catalog/product/cache/6d9df047c2ec4b20303e23a40cded5ce/d/a/damdjs22_a_.jpg","https://static.aashniandco.com/pub/media/catalog/product/cache/6d9df047c2ec4b20303e23a40cded5ce/d/a/damdjs18_a_.jpg","Anarkalis, Kurta Sets, Palazzo Sets, Shararas"
"https://aashniandco.com/designers/delhi-vintage-co.html","Delhi Vintage Co.","2500-6000","Women","https://delhivintage.com/","https://www.instagram.com/delhivintageco_/","","","","","","","","","","","","","","","","","","","","",""
"https://aashniandco.com/designers/essemm.html","Essemm","1260-31446","Kids","","","","","","","","","","","","","","","","","https://static.aashniandco.com/pub/media/catalog/product/cache/6d9df047c2ec4b20303e23a40cded5ce/e/s/essstasf_a_.jpg","https://static.aashniandco.com/pub/media/catalog/product/cache/6d9df047c2ec4b20303e23a40cded5ce/e/s/essgtasf_a_.jpg","https://static.aashniandco.com/pub/media/catalog/product/cache/6d9df047c2ec4b20303e23a40cded5ce/e/s/essgolt_a_.jpg","https://static.aashniandco.com/pub/media/catalog/product/cache/6d9df047c2ec4b20303e23a40cded5ce/e/s/essmirm_a_.jpg","https://static.aashniandco.com/pub/media/catalog/product/cache/6d9df047c2ec4b20303e23a40cded5ce/e/s/esskathh_a_.jpg","https://static.aashniandco.com/pub/media/catalog/product/cache/6d9df047c2ec4b20303e23a40cded5ce/e/s/essrlh_a_.jpg","Bags, Shoes"
"https://aashniandco.com/designers/fayon-kids-by-preeti-jatia.html","Fayon Kids by Preeti Jatia","","","","","","","","","","","","","","","","","","","https://static.aashniandco.com/pub/media/catalog/product/cache/6d9df047c2ec4b20303e23a40cded5ce/b/u/buy_yellow_floral_print_lehenga_set_by_fayon_kids_by_preeti_jatia-fkwoct23fesd213__1_.jpg","https://static.aashniandco.com/pub/media/catalog/product/cache/6d9df047c2ec4b20303e23a40cded5ce/b/u/buy_yellow_floral_print_sharara_set_by_fayon_kids_by_preeti_jatia-fkwoct23fesd202__1_.jpg","https://static.aashniandco.com/pub/media/catalog/product/cache/6d9df047c2ec4b20303e23a40cded5ce/b/u/buy_mustard_yellow_floral_print_sharara_set_by_fayon_kids_by_preeti_jatia-fkwoct23fesd209__1_.jpg","https://static.aashniandco.com/pub/media/catalog/product/cache/6d9df047c2ec4b20303e23a40cded5ce/b/u/buy_yellow_floral_motif_print_sharara_set_by_fayon_kids_by_preeti_jatia-fkwoct23fesd212__1_.jpg","https://static.aashniandco.com/pub/media/catalog/product/cache/6d9df047c2ec4b20303e23a40cded5ce/b/u/buy_off-white_phulkari_work_sharara_set_by_fayon_kids_by_preeti_jatia-fkwoct23fesd203__1_.jpg","https://static.aashniandco.com/pub/media/catalog/product/cache/6d9df047c2ec4b20303e23a40cded5ce/b/u/buy_off-white_floral_print_sharara_set_by_fayon_kids_by_preeti_jatia-fkwoct23fesd207__1_.jpg","Achkans, Anarkalis, Bandhgalas, Bandis, Co-ords, Dhoti Sets, Dresses, Gowns, Jackets, Jumpsuits, Kurta Sets, Lehengas, Sarees, Shararas, Sherwanis, Shirts"
"https://aashniandco.com/designers/flower-child-by-shaheen-abbas.html","Flower Child by Shaheen Abbas","","","","","","","","","","","","","","","","","","","","","","","","",""
"https://aashniandco.com/designers/freesparrow.html","FreeSparrow","2150-11900","Kids","https://freesparrowkids.com/","https://instagram.com/FreeSparrowKids","","","","","","","","","","","","","","","https://static.aashniandco.com/pub/media/catalog/product/cache/6d9df047c2ec4b20303e23a40cded5ce/b/u/buy_pink_foil_printed_lehenga_set_by_freesparrow-frsmay2313__1_.jpg","https://static.aashniandco.com/pub/media/catalog/product/cache/6d9df047c2ec4b20303e23a40cded5ce/b/u/buy_green_floral_printed_peplum_and_sharara_set_by_freesparrow-frsmay2306__1_.jpg","https://static.aashniandco.com/pub/media/catalog/product/cache/6d9df047c2ec4b20303e23a40cded5ce/b/u/buy_ivory_floral_printed_short_anarkali_and_dhoti_set_by_freesparrow-frsmay2301__1_.jpg","https://static.aashniandco.com/pub/media/catalog/product/cache/6d9df047c2ec4b20303e23a40cded5ce/b/u/buy_green_floral_printed_jacket_and_sharara_set_by_freesparrow-frsmay2311__1_.jpg","https://static.aashniandco.com/pub/media/catalog/product/cache/6d9df047c2ec4b20303e23a40cded5ce/b/u/buy_ivory_floral_thread_embroidered_jacket_set_by_freesparrow-frsmay2305__1_.jpg","https://static.aashniandco.com/pub/media/catalog/product/cache/6d9df047c2ec4b20303e23a40cded5ce/b/u/buy_multicolour_jaipuri_floral_printed_pathani_kurta_set_by_freesparrow-frsmay2304__1_.jpg","Anarkalis, Bandis, Co-ords, Dresses, Gowns, Jumpsuits, Kurta Sets, Lehengas, Shararas"
"https://aashniandco.com/designers/gbs-gehna.html","GBS Gehna","5198-170655","Women","https://www.facebook.com/gbsgehna/","https://www.instagram.com/gbs_gehna/?hl=en","","","","","","","","","","","","","","","https://static.aashniandco.com/pub/media/catalog/product/cache/6d9df047c2ec4b20303e23a40cded5ce/b/u/buy_white_pearl_and_kundan_stone_embellished_long_necklace_by_gbs_gehna__1_.jpg","https://static.aashniandco.com/pub/media/catalog/product/cache/6d9df047c2ec4b20303e23a40cded5ce/b/u/buy_green_meenakari_embellished_necklace_by_gbs_gehna__1_.jpg","https://static.aashniandco.com/pub/media/catalog/product/cache/6d9df047c2ec4b20303e23a40cded5ce/b/u/buy_red_and_blue_meenakari_ring_by_gbs_gehna__1_.jpg","https://static.aashniandco.com/pub/media/catalog/product/cache/6d9df047c2ec4b20303e23a40cded5ce/b/u/buy_red_and_green_floral_meenakari_cocktail_ring_by_gbs_gehna__1_.jpg","https://static.aashniandco.com/pub/media/catalog/product/cache/6d9df047c2ec4b20303e23a40cded5ce/b/u/buy_green_and_white_pearl_and_stone_embellished_bracelet_by_gbs_gehna__1_.jpg","https://static.aashniandco.com/pub/media/catalog/product/cache/6d9df047c2ec4b20303e23a40cded5ce/b/u/buy_emerald_green_polki_and_pearl_long_necklace_set_by_gbs_gehna__1_.jpg","Bangles & Bracelets, Earrings, Kalangis, Necklaces, Rings"
"https://aashniandco.com/designers/gem-stella.html","GemStella","","","","","","","","","","","","","","","","","","","https://static.aashniandco.com/pub/media/catalog/product/cache/6d9df047c2ec4b20303e23a40cded5ce/g/e/gessep2204__1_.jpg","https://static.aashniandco.com/pub/media/catalog/product/cache/6d9df047c2ec4b20303e23a40cded5ce/g/e/gessep2213__1_.jpg","https://static.aashniandco.com/pub/media/catalog/product/cache/6d9df047c2ec4b20303e23a40cded5ce/g/e/gessep2212__1_.jpg","https://static.aashniandco.com/pub/media/catalog/product/cache/6d9df047c2ec4b20303e23a40cded5ce/g/e/gessep2215__1_.jpg","https://static.aashniandco.com/pub/media/catalog/product/cache/6d9df047c2ec4b20303e23a40cded5ce/g/e/gessep2214__1_.jpg","https://static.aashniandco.com/pub/media/catalog/product/cache/6d9df047c2ec4b20303e23a40cded5ce/g/e/gessep2211__1_.jpg","Bangles & Bracelets, Earrings, Necklaces"
"https://aashniandco.com/designers/hyperbole-accessories.html","Hyperbole Accessories","1700-9000","Women","https://www.hyperboleaccessories.com/","https://www.instagram.com/hyperbole_accessories/","","","","","","","","","","","","","","","https://static.aashniandco.com/pub/media/catalog/product/cache/6d9df047c2ec4b20303e23a40cded5ce/b/u/buy_silver_and_blue_chalcedony_stone_choker_by_hyperbole_accessories-hpbmay2316__1_.jpg","https://static.aashniandco.com/pub/media/catalog/product/cache/6d9df047c2ec4b20303e23a40cded5ce/b/u/buy_blue_and_silver_handpainted_enamel_choker_by_hyperbole_accessories-hpbmay2319__1_.jpg","https://static.aashniandco.com/pub/media/catalog/product/cache/6d9df047c2ec4b20303e23a40cded5ce/b/u/buy_silver_and_blue_handpainted_enamel_collar_necklace_by_hyperbole_accessories-hpbmay2320__1_.jpg","https://static.aashniandco.com/pub/media/catalog/product/cache/6d9df047c2ec4b20303e23a40cded5ce/b/u/buy_silver_handpainted_enamel_lapis_necklace_by_hyperbole_accessories-hpbmay2317__1_.jpg","https://static.aashniandco.com/pub/media/catalog/product/cache/6d9df047c2ec4b20303e23a40cded5ce/b/u/buy_silver_handpainted_enamel_lapis_layered_necklace_by_hyperbole_accessories-hpbmay2318__1_.jpg","https://static.aashniandco.com/pub/media/catalog/product/cache/6d9df047c2ec4b20303e23a40cded5ce/b/u/buy_silver_and_blue_handpainted_enamel_bracelet_by_hyperbole_accessories-hpbmay2311__1_.jpg","Bangles & Bracelets, Earrings, Hair Accessories, Necklaces, Rings"
"https://aashniandco.com/designers/jaipri.html","Jaipri","849-40800","Women","","","","","","","","","","","","","","","","","https://static.aashniandco.com/pub/media/catalog/product/cache/6d9df047c2ec4b20303e23a40cded5ce/b/u/buy_white_and_gold_kundan_necklace_set_by_jaipri-n583-jji-280-2__1_.jpg","https://static.aashniandco.com/pub/media/catalog/product/cache/6d9df047c2ec4b20303e23a40cded5ce/c/0/c044-jji-330-4.jpg","https://static.aashniandco.com/pub/media/catalog/product/cache/6d9df047c2ec4b20303e23a40cded5ce/n/9/n948-jji-850-1.jpg","https://static.aashniandco.com/pub/media/catalog/product/cache/6d9df047c2ec4b20303e23a40cded5ce/c/9/c947-jji-200-1.jpg","https://static.aashniandco.com/pub/media/catalog/product/cache/6d9df047c2ec4b20303e23a40cded5ce/k/6/k668-jji-440-1.jpg","https://static.aashniandco.com/pub/media/catalog/product/cache/6d9df047c2ec4b20303e23a40cded5ce/b/u/buy_peach_kundan_chandbaalis_and_maang_tikka_by_jaipri-mt061-jji-210-2__1_.jpg","Earrings, Hair Accessories, Jewelry Sets, Necklaces"
"https://aashniandco.com/designers/jewelry-by-janhavi.html","Jewelry by Janhavi","3150-19800","Women","https://www.facebook.com/janhavijewellerspune/","https://www.instagram.com/janhavi_jewellers/","","","","","","","","","","","","","","","https://static.aashniandco.com/pub/media/catalog/product/cache/6d9df047c2ec4b20303e23a40cded5ce/j/e/jewe2102_a_.jpg","https://static.aashniandco.com/pub/media/catalog/product/cache/6d9df047c2ec4b20303e23a40cded5ce/j/e/jewe2101_a_.jpg","https://static.aashniandco.com/pub/media/catalog/product/cache/6d9df047c2ec4b20303e23a40cded5ce/j/e/jewn2104_a_.....jpg","https://static.aashniandco.com/pub/media/catalog/product/cache/6d9df047c2ec4b20303e23a40cded5ce/j/e/jewn2103_a_......jpg","https://static.aashniandco.com/pub/media/catalog/product/cache/6d9df047c2ec4b20303e23a40cded5ce/j/e/jewn2101_a_.jpg","https://static.aashniandco.com/pub/media/catalog/product/cache/6d9df047c2ec4b20303e23a40cded5ce/j/e/jews2102_a_.jpg","Bangles & Bracelets, Earrings, Jewelry Sets, Necklaces"
"https://aashniandco.com/designers/just-shradha-s-kids.html","Just Shradha's Kids","400-2000","Women","","","","","","","","","","","","","","","","","https://static.aashniandco.com/pub/media/catalog/product/cache/6d9df047c2ec4b20303e23a40cded5ce/j/s/jskjs16236.jpg","https://static.aashniandco.com/pub/media/catalog/product/cache/6d9df047c2ec4b20303e23a40cded5ce/j/s/jskjs16238.jpg","https://static.aashniandco.com/pub/media/catalog/product/cache/6d9df047c2ec4b20303e23a40cded5ce/j/s/jskjs16234.jpg","https://static.aashniandco.com/pub/media/catalog/product/cache/6d9df047c2ec4b20303e23a40cded5ce/j/s/jskjs16237.jpg","https://static.aashniandco.com/pub/media/catalog/product/cache/6d9df047c2ec4b20303e23a40cded5ce/j/s/jskjs16239.jpg","https://static.aashniandco.com/pub/media/catalog/product/cache/6d9df047c2ec4b20303e23a40cded5ce/j/s/jskjs16240.jpg","Hair Accessories, Hand Harness, Necklaces"
"https://aashniandco.com/designers/kapraha.html","KapraÃ£ha","2650-7970","Women","https://kapraaha.com/","https://www.instagram.com/kapraaha_india","","","","","","","","","","","","","","","https://static.aashniandco.com/pub/media/catalog/product/cache/6d9df047c2ec4b20303e23a40cded5ce/b/u/buy_off-white_lace_detail_kurta_set_by_kapra__ha-kapnov2308__1_.jpg","https://static.aashniandco.com/pub/media/catalog/product/cache/6d9df047c2ec4b20303e23a40cded5ce/b/u/buy_ivory_floral_block_print_kurta_set_by_kapra__ha-kapnov2304__1_.jpg","https://static.aashniandco.com/pub/media/catalog/product/cache/6d9df047c2ec4b20303e23a40cded5ce/b/u/buy_off-white_stripe_woven_shirt_tunic_set_by_kapra__ha-kapnov2318__1_.jpg","https://static.aashniandco.com/pub/media/catalog/product/cache/6d9df047c2ec4b20303e23a40cded5ce/b/u/buy_white_block_printed_kurta_set_by_kapra__ha-kapnov2314__1_.jpg","https://static.aashniandco.com/pub/media/catalog/product/cache/6d9df047c2ec4b20303e23a40cded5ce/t/s/ts16or-_1_.jpg","https://static.aashniandco.com/pub/media/catalog/product/cache/6d9df047c2ec4b20303e23a40cded5ce/b/u/buy_green_stripe_block_print_lounge_kurta_set_by_kapra__ha-kapnov2320__1_.jpg","Anarkalis, Co-ords, Dresses, Jackets, Kurta Sets, Palazzo Sets, Tops, Tunics & Kurtis"
"https://aashniandco.com/designers/kinjal-modi.html.html","Kinjal Modi","8064-39200","Women","https://www.facebook.com/Kinjal-Modi-112337922246576/","https://www.instagram.com/label_kinjalmodi/","","","","","","","","","","","","","","","https://static.aashniandco.com/pub/media/catalog/product/cache/6d9df047c2ec4b20303e23a40cded5ce/b/u/buy_brick_red_floral_printed_lehenga_set_by_kinjal_modi__1_.jpg","https://static.aashniandco.com/pub/media/catalog/product/cache/6d9df047c2ec4b20303e23a40cded5ce/b/u/buy_brick_red_floral_printed_tunic_set_by_kinjal_modi__1_.jpg","https://static.aashniandco.com/pub/media/catalog/product/cache/6d9df047c2ec4b20303e23a40cded5ce/b/u/buy_brick_red_printed_kurta_set_by_kinjal_modi__1_.jpg","https://static.aashniandco.com/pub/media/catalog/product/cache/6d9df047c2ec4b20303e23a40cded5ce/b/u/buy_bottle_green_printed_tunic_set_by_kinjal_modi__1_.jpg","https://static.aashniandco.com/pub/media/catalog/product/cache/6d9df047c2ec4b20303e23a40cded5ce/b/u/buy_bottle_green_printed_kurta_set_by_kinjal_modi__1_.jpg","https://static.aashniandco.com/pub/media/catalog/product/cache/6d9df047c2ec4b20303e23a40cded5ce/b/u/buy_bottle_green_printed_tunic_set_by_kinjal_modi__1_.jpg","Co-ords, Dresses, Jackets, Kurta Sets, Lehengas, Tunics & Kurtis"
"https://aashniandco.com/designers/kkarma-by-kabir-varma.html","Kkarma by Kabir Varma","2000-5900","Women","https://kkarma.store/","https://www.instagram.com/kkarmaaccessories/","","","","","","","","","","","","","","","https://static.aashniandco.com/pub/media/catalog/product/cache/6d9df047c2ec4b20303e23a40cded5ce/b/u/buy_multicolour_rangoli_embroidery_mule_block_heels_by_kkarma_by_kabir_varma-karjul23d2001__1_.jpg","https://static.aashniandco.com/pub/media/catalog/product/cache/6d9df047c2ec4b20303e23a40cded5ce/b/u/buy_multicolour_scallop_embroidery_mules_by_kkarma_by_kabir_varma-karjul23d2008__1_.jpg","https://static.aashniandco.com/pub/media/catalog/product/cache/6d9df047c2ec4b20303e23a40cded5ce/b/u/buy_multicolour_sequinned_mule_block_heels_by_kkarma_by_kabir_varma-karjul23d2004__1_.jpg","https://static.aashniandco.com/pub/media/catalog/product/cache/6d9df047c2ec4b20303e23a40cded5ce/b/u/buy_rose_gold_zardozi_embroidery_mule_block_heels_by_kkarma_by_kabir_varma-karjul23d2006__1_.jpg","https://static.aashniandco.com/pub/media/catalog/product/cache/6d9df047c2ec4b20303e23a40cded5ce/b/u/buy_rose_gold_zardozi_embroidered_mule_block_heels_by_kkarma_by_kabir_varma-karjul23d2009__1_.jpg","https://static.aashniandco.com/pub/media/catalog/product/cache/6d9df047c2ec4b20303e23a40cded5ce/b/u/buy_gold_zardozi_embroidery_mule_block_heels_by_kkarma_by_kabir_varma-karjul23d2017__1_.jpg","Shoes"
"https://aashniandco.com/designers/koashe-by-shubhitaa.html","KoasheÃ© by Shubhitaa","18275-24523","Women","https://www.koashee.com/","https://www.instagram.com/koasheebyshubhitaa","","","","","","","","","","","","","","","https://aashniandco.com/pub/static/frontend/_view/en_US/Magento_Catalog/images/product/placeholder/.jpg","https://aashniandco.com/pub/static/frontend/_view/en_US/Magento_Catalog/images/product/placeholder/.jpg","https://aashniandco.com/pub/static/frontend/_view/en_US/Magento_Catalog/images/product/placeholder/.jpg","https://aashniandco.com/pub/static/frontend/_view/en_US/Magento_Catalog/images/product/placeholder/.jpg","https://aashniandco.com/pub/static/frontend/_view/en_US/Magento_Catalog/images/product/placeholder/.jpg","https://aashniandco.com/pub/static/frontend/_view/en_US/Magento_Catalog/images/product/placeholder/.jpg","Anarkalis, Dresses, Kurta Sets, Kurtas, Shararas"
"https://aashniandco.com/designers/kripaapranay.html","KripaaPranay","3500-22680","Women","","https://www.instagram.com/kripaapranay/?hl=en","","","","","","","","","","","","","","","https://static.aashniandco.com/pub/media/catalog/product/cache/6d9df047c2ec4b20303e23a40cded5ce/k/r/krioct20a30_a_.jpg","https://static.aashniandco.com/pub/media/catalog/product/cache/6d9df047c2ec4b20303e23a40cded5ce/k/r/krioct20a29_a_.jpg","https://static.aashniandco.com/pub/media/catalog/product/cache/6d9df047c2ec4b20303e23a40cded5ce/k/r/krioct20a31_a_.jpg","https://static.aashniandco.com/pub/media/catalog/product/cache/6d9df047c2ec4b20303e23a40cded5ce/k/r/krioct20a28_a_.jpg","https://static.aashniandco.com/pub/media/catalog/product/cache/6d9df047c2ec4b20303e23a40cded5ce/k/r/krioct20a27_a_.jpg","https://static.aashniandco.com/pub/media/catalog/product/cache/6d9df047c2ec4b20303e23a40cded5ce/k/r/kria02_a_.jpg","Earrings, Jewelry Sets"
"https://aashniandco.com/designers/kunwar-rani-ritu.html","Kunwar Rani Ritu","27900-45000","Women","https://kunwaraniritu.in/","https://www.instagram.com/kunwaraniritu_official/","","","","","","","","","","","","","","","https://static.aashniandco.com/pub/media/catalog/product/cache/6d9df047c2ec4b20303e23a40cded5ce/r/a/ranfeb2003_b_.jpg","https://static.aashniandco.com/pub/media/catalog/product/cache/6d9df047c2ec4b20303e23a40cded5ce/r/a/ranfeb2010_b_.jpg","https://static.aashniandco.com/pub/media/catalog/product/cache/6d9df047c2ec4b20303e23a40cded5ce/r/a/ranfeb2011_b_.jpg","https://static.aashniandco.com/pub/media/catalog/product/cache/6d9df047c2ec4b20303e23a40cded5ce/r/a/ranfeb2009_b_.jpg","https://static.aashniandco.com/pub/media/catalog/product/cache/6d9df047c2ec4b20303e23a40cded5ce/r/a/ranfeb2008_b_.jpg","https://static.aashniandco.com/pub/media/catalog/product/cache/6d9df047c2ec4b20303e23a40cded5ce/r/a/ranfeb2002_b_.jpg","Kurta Sets, Lehengas, Shararas"
"https://aashniandco.com/designers/kyra-by-mandira-wirk.html","Kyra by Mandira Wirk","16500-45000","Women","https://mandirawirk.in/","https://www.instagram.com/mandirawirkhq/?hl=en","","","","","","","","","","","","","","","https://static.aashniandco.com/pub/media/catalog/product/cache/6d9df047c2ec4b20303e23a40cded5ce/k/y/kyrmwky02_a_.jpg","https://static.aashniandco.com/pub/media/catalog/product/cache/6d9df047c2ec4b20303e23a40cded5ce/k/y/kyrmwky13_a_.jpg","https://static.aashniandco.com/pub/media/catalog/product/cache/6d9df047c2ec4b20303e23a40cded5ce/k/y/kyrmwky12_a_.jpg","https://static.aashniandco.com/pub/media/catalog/product/cache/6d9df047c2ec4b20303e23a40cded5ce/k/y/kyrmwky09_a_.jpg","https://static.aashniandco.com/pub/media/catalog/product/cache/6d9df047c2ec4b20303e23a40cded5ce/k/y/kyrmwky08_a_.jpg","https://static.aashniandco.com/pub/media/catalog/product/cache/6d9df047c2ec4b20303e23a40cded5ce/k/y/kyrmwky14_a_.jpg","Dresses, Gowns, Lehengas, Sarees, Shararas"
"https://aashniandco.com/designers/lagom.html","Lagom","6628-14890","Women","","","","","","","","","","","","","","","","","https://static.aashniandco.com/pub/media/catalog/product/cache/6d9df047c2ec4b20303e23a40cded5ce/l/g/lgmaug2216_2_.jpg","https://static.aashniandco.com/pub/media/catalog/product/cache/6d9df047c2ec4b20303e23a40cded5ce/l/g/lgmaug2214_1_.jpg","https://static.aashniandco.com/pub/media/catalog/product/cache/6d9df047c2ec4b20303e23a40cded5ce/l/g/lgmaug2219_1_.jpg","https://static.aashniandco.com/pub/media/catalog/product/cache/6d9df047c2ec4b20303e23a40cded5ce/l/g/lgmaug2218_2__1.jpg","https://static.aashniandco.com/pub/media/catalog/product/cache/6d9df047c2ec4b20303e23a40cded5ce/l/g/lgmaug2217_3_.jpg","https://static.aashniandco.com/pub/media/catalog/product/cache/6d9df047c2ec4b20303e23a40cded5ce/l/g/lgmaug2215_2_.jpg","Loungewear"
"https://aashniandco.com/designers/maisara.html","Maisara","1125-27750","Women","https://www.maisara.in/","https://www.instagram.com/maisarajewelry/","","","","","","","","","","","","","","","https://static.aashniandco.com/pub/media/catalog/product/cache/6d9df047c2ec4b20303e23a40cded5ce/b/u/buy_white_glass_and_pearl_layered_necklace_by_maisara-maisep23013__1_.jpg","https://static.aashniandco.com/pub/media/catalog/product/cache/6d9df047c2ec4b20303e23a40cded5ce/b/u/buy_white_stone_and_pearl_long_necklace_by_maisara-maisep23015__1_.jpg","https://static.aashniandco.com/pub/media/catalog/product/cache/6d9df047c2ec4b20303e23a40cded5ce/b/u/buy_gold_jadau_pearl_choker_by_maisara-maisep23002__1_.jpg","https://static.aashniandco.com/pub/media/catalog/product/cache/6d9df047c2ec4b20303e23a40cded5ce/b/u/buy_gold_jadau_choker_by_maisara-maisep23001__1_.jpg","https://static.aashniandco.com/pub/media/catalog/product/cache/6d9df047c2ec4b20303e23a40cded5ce/b/u/buy_indigo_and_red_jadau_choker_by_maisara-maisep23003__1_.jpg","https://static.aashniandco.com/pub/media/catalog/product/cache/6d9df047c2ec4b20303e23a40cded5ce/b/u/buy_red_jadau_choker_by_maisara-maisep23005__1_.jpg","Earrings, Hair Accessories, Hand Harness, Jewelry Sets, Necklaces, Rings"
"https://aashniandco.com/designers/mantra-by-shalini-james.html","MANTRA by Shalini James","5525-11390","Women","https://shalinijamesmantra.com/","https://www.instagram.com/shalinijamesmantra/","","","","","","","","","","","","","","","https://static.aashniandco.com/pub/media/catalog/product/cache/6d9df047c2ec4b20303e23a40cded5ce/b/u/buy_peach_tiered_handloom_dress_and_stole_by_mantra_by_shalini_james-maajul23d209__1_.jpg","https://static.aashniandco.com/pub/media/catalog/product/cache/6d9df047c2ec4b20303e23a40cded5ce/b/u/buy_peach_stripe_handloom_dress_by_mantra_by_shalini_james-maajul23d203__2_.jpg","https://static.aashniandco.com/pub/media/catalog/product/cache/6d9df047c2ec4b20303e23a40cded5ce/b/u/buy_basil_green_stripe_handloom_dress_by_mantra_by_shalini_james-maajul23d207__1_.jpg","https://static.aashniandco.com/pub/media/catalog/product/cache/6d9df047c2ec4b20303e23a40cded5ce/b/u/buy_lime_yellow_tiered_handloom_dress_and_stole_by_mantra_by_shalini_james-maajul23d210__1_.jpg","https://static.aashniandco.com/pub/media/catalog/product/cache/6d9df047c2ec4b20303e23a40cded5ce/b/u/buy_ivory_tiered_handloom_dress_and_stole_by_mantra_by_shalini_james-maajul23d206__1_.jpg","https://static.aashniandco.com/pub/media/catalog/product/cache/6d9df047c2ec4b20303e23a40cded5ce/b/u/buy_basil_green_handloom_kurta_by_mantra_by_shalini_james-maajul23d208__1_.jpg","Dresses, Kurtas, Tunics & Kurtis"
"https://aashniandco.com/designers/motifs-by-surabhi-didwania.html","Motifs by Surabhi Didwania","3090-44496","Women","https://www.mymotifs.com/","https://www.mymotifs.com/#","","","","","","","","","","","","","","","https://static.aashniandco.com/pub/media/catalog/product/cache/6d9df047c2ec4b20303e23a40cded5ce/m/o/mots6155a_a_.jpg","https://static.aashniandco.com/pub/media/catalog/product/cache/6d9df047c2ec4b20303e23a40cded5ce/m/o/mots0896_a_.jpg","https://static.aashniandco.com/pub/media/catalog/product/cache/6d9df047c2ec4b20303e23a40cded5ce/m/o/mots252_a_.jpg","https://static.aashniandco.com/pub/media/catalog/product/cache/6d9df047c2ec4b20303e23a40cded5ce/m/o/mots6655a_a__1.jpg","https://static.aashniandco.com/pub/media/catalog/product/cache/6d9df047c2ec4b20303e23a40cded5ce/m/o/mots566a_a_.jpg","https://static.aashniandco.com/pub/media/catalog/product/cache/6d9df047c2ec4b20303e23a40cded5ce/m/o/mots8247_a_.jpg","Earrings, Necklaces, Rings"
"https://aashniandco.com/designers/neha-tarun.html","Neha Tarun","18500-165000","Women","https://nehatarun.com/","https://www.instagram.com/?hl=en","","","","","","","","","","","","","","","https://static.aashniandco.com/pub/media/catalog/product/cache/6d9df047c2ec4b20303e23a40cded5ce/n/t/ntadec2012__1_.jpg","https://static.aashniandco.com/pub/media/catalog/product/cache/6d9df047c2ec4b20303e23a40cded5ce/n/t/ntadec2013__1_.jpg","https://static.aashniandco.com/pub/media/catalog/product/cache/6d9df047c2ec4b20303e23a40cded5ce/n/t/ntadec2014__1_.jpg","https://static.aashniandco.com/pub/media/catalog/product/cache/6d9df047c2ec4b20303e23a40cded5ce/n/t/ntadec2015__1_.jpg","https://static.aashniandco.com/pub/media/catalog/product/cache/6d9df047c2ec4b20303e23a40cded5ce/n/t/ntadec2016__1_.jpg","https://static.aashniandco.com/pub/media/catalog/product/cache/6d9df047c2ec4b20303e23a40cded5ce/n/t/ntadec2017__1_.jpg","Anarkalis, Co-ords, Gowns, Jumpsuits, Kurta Sets, Kurtas, Lehengas, Palazzo Sets, Sarees, Shararas"
"https://aashniandco.com/designers/nikhita-tandon.html","Nikhita Tandon","33000-225000","Women","https://www.instagram.com/nikhitatandon/?hl=en","https://www.instagram.com/nikhitatandon/?hl=en","","","","","","","","","","","","","","","https://static.aashniandco.com/pub/media/catalog/product/cache/6d9df047c2ec4b20303e23a40cded5ce/n/o/nonfwknv216.jpg","https://static.aashniandco.com/pub/media/catalog/product/cache/6d9df047c2ec4b20303e23a40cded5ce/n/o/nonfwknv215.jpg","https://static.aashniandco.com/pub/media/catalog/product/cache/6d9df047c2ec4b20303e23a40cded5ce/n/o/nonfwknv202_a_.jpg","https://static.aashniandco.com/pub/media/catalog/product/cache/6d9df047c2ec4b20303e23a40cded5ce/n/o/nonfwknv214.jpg","https://static.aashniandco.com/pub/media/catalog/product/cache/6d9df047c2ec4b20303e23a40cded5ce/n/o/nonfwknv203_1_.jpg","https://static.aashniandco.com/pub/media/catalog/product/cache/6d9df047c2ec4b20303e23a40cded5ce/n/o/nonfwknv208_1_.jpg","Dresses, Gowns, Jumpsuits"
"https://aashniandco.com/designers/nitya-bajaj-mini.html","Nitya Bajaj Mini","13500-16500","Kids","https://nityabajaj.com/","https://www.instagram.com/labelnityabajaj/","","","","","","","","","","","","","","","https://static.aashniandco.com/pub/media/catalog/product/cache/6d9df047c2ec4b20303e23a40cded5ce/b/u/buy_ivory_foil_print_lehenga_set_by_nitya_bajaj_mini-nibaug23nd003__1_.jpg","https://static.aashniandco.com/pub/media/catalog/product/cache/6d9df047c2ec4b20303e23a40cded5ce/b/u/buy_lilac_foil_print_lehenga_set_by_nitya_bajaj_mini-nibaug23nd005__1_.jpg","https://static.aashniandco.com/pub/media/catalog/product/cache/6d9df047c2ec4b20303e23a40cded5ce/b/u/buy_blush_pink_gota_embellished_lehenga_set_by_nitya_bajaj_mini-nibaug23nd006__1_.jpg","https://static.aashniandco.com/pub/media/catalog/product/cache/6d9df047c2ec4b20303e23a40cded5ce/b/u/buy_yellow_foil_print_lehenga_set_by_nitya_bajaj_mini-nibaug23nd001__1_.jpg","https://static.aashniandco.com/pub/media/catalog/product/cache/6d9df047c2ec4b20303e23a40cded5ce/b/u/buy_yellow_foil_print_bandi_kurta_set_by_nitya_bajaj_mini-nibaug23nd002__1_.jpg","https://static.aashniandco.com/pub/media/catalog/product/cache/6d9df047c2ec4b20303e23a40cded5ce/b/u/buy_ivory_foil_print_bandi_kurta_set_by_nitya_bajaj_mini-nibaug23nd004__1_.jpg","Bandis, Kurta Sets, Lehengas"
"https://aashniandco.com/designers/p-tal.html","P-TAL","","","","","","","","","","","","","","","","","","","","","","","","",""
"https://aashniandco.com/designers/paarsh-atelier.html","Paarsh Atelier","8500-68000","Men","https://paarsh.in/","https://www.instagram.com/paarsh.official/?hl=en","","","","","","","","","","","","","","","https://static.aashniandco.com/pub/media/catalog/product/cache/6d9df047c2ec4b20303e23a40cded5ce/b/u/buy_lavender_floral_and_leaf_applique_nehru_jacket_set_by_paarsh_atelier-patjun23d110__1_.jpg","https://static.aashniandco.com/pub/media/catalog/product/cache/6d9df047c2ec4b20303e23a40cded5ce/b/u/buy_light_blue_floral_thread_and_sequin_embroidered_long_nehru_jacket_set_by_paarsh_atelier-patjun23d113__1_.jpg","https://static.aashniandco.com/pub/media/catalog/product/cache/6d9df047c2ec4b20303e23a40cded5ce/b/u/buy_powder_green_plant_and_animal_thread_embroidered_nehru_jacket_set_by_paarsh_atelier-patjun23d115__1_.jpg","https://static.aashniandco.com/pub/media/catalog/product/cache/6d9df047c2ec4b20303e23a40cded5ce/b/u/buy_lime_yellow_resham_embroidered_nehru_jacket_set_by_paarsh_atelier-patjun23d109__1_.jpg","https://static.aashniandco.com/pub/media/catalog/product/cache/6d9df047c2ec4b20303e23a40cded5ce/b/u/buy_cream_floral_and_bird_embroidered_nehru_jacket_set_by_paarsh_atelier-patjun23d112__1_.jpg","https://static.aashniandco.com/pub/media/catalog/product/cache/6d9df047c2ec4b20303e23a40cded5ce/b/u/buy_mint_green_tree_and_lion_thread_embroidered_nehru_jacket_set_by_paarsh_atelier-patjun23d116__1_.jpg","Bandis, Blazers, Jackets, Kurta Sets, Nehru Jackets, Sherwanis, Shirts"
"https://aashniandco.com/designers/ra-abta-rahul.html","Ra Abta / Rahul","3500-212000","Women","https://raabtabyrahul.com/","https://www.instagram.com/raabtabyrahul/?hl=en","","","","","","","","","","","","","","","https://static.aashniandco.com/pub/media/catalog/product/cache/6d9df047c2ec4b20303e23a40cded5ce/b/u/buy_multicolour_bride_and_groom_meenakari_necklace_set_by_ra_abta__rahul-rbtoct23d2027__1_.jpg","https://static.aashniandco.com/pub/media/catalog/product/cache/6d9df047c2ec4b20303e23a40cded5ce/b/u/buy_red_semi-precious_stone_and_kundan_necklace_set_by_ra_abta__rahul-rbtoct23d2023__1_.jpg","https://static.aashniandco.com/pub/media/catalog/product/cache/6d9df047c2ec4b20303e23a40cded5ce/b/u/buy_multicolour_meenakari_necklace_set_by_ra_abta__rahul-rbtoct23d2021__1_.jpg","https://static.aashniandco.com/pub/media/catalog/product/cache/6d9df047c2ec4b20303e23a40cded5ce/b/u/buy_multicolour_kundan_and_tassel_layered_necklace_set_by_ra_abta__rahul-rbtoct23d2031__1_.jpg","https://static.aashniandco.com/pub/media/catalog/product/cache/6d9df047c2ec4b20303e23a40cded5ce/b/u/buy_green_semi-precious_beads_long_necklace_set_by_ra_abta__rahul-rbtoct23d2020__1_.jpg","https://static.aashniandco.com/pub/media/catalog/product/cache/6d9df047c2ec4b20303e23a40cded5ce/b/u/buy_green_3d_bride_and_groom_necklace_set_by_ra_abta__rahul-rbtoct23d2024__1_.jpg","Bangles & Bracelets, Belts, Brooches, Earrings, Hair Accessories, Hand Harness, Jewelry Sets, Kalangis, Necklaces, Nose Rings, Rings"
"https://aashniandco.com/designers/raffughar-by-wajahat-rather.html","Raffughar by Wajahat Rather","7700-31400","Women","https://raffughar.com/","https://www.instagram.com/raffughar/","","","","","","","","","","","","","","","https://static.aashniandco.com/pub/media/catalog/product/cache/6d9df047c2ec4b20303e23a40cded5ce/r/a/raflfwss2107_a_.jpg","https://static.aashniandco.com/pub/media/catalog/product/cache/6d9df047c2ec4b20303e23a40cded5ce/r/a/raflfwss2108_a_.jpg","https://static.aashniandco.com/pub/media/catalog/product/cache/6d9df047c2ec4b20303e23a40cded5ce/r/a/raflfwss2106_a_.jpg","https://static.aashniandco.com/pub/media/catalog/product/cache/6d9df047c2ec4b20303e23a40cded5ce/r/a/raflfwss2105_a_.jpg","https://static.aashniandco.com/pub/media/catalog/product/cache/6d9df047c2ec4b20303e23a40cded5ce/r/a/raflfwss2110_a_.jpg","https://static.aashniandco.com/pub/media/catalog/product/cache/6d9df047c2ec4b20303e23a40cded5ce/r/a/raflfwss2111_a_.jpg","Dresses, Jackets, Kurtas, Tops"
"https://aashniandco.com/designers/rahul-dasgupta.html","Rahul Dasgupta","12820-50000","Men","https://www.facebook.com/labelrahuldasgupta/","https://www.instagram.com/labelrahuldasgupta/?hl=en","","","","","","","","","","","","","","","https://static.aashniandco.com/pub/media/catalog/product/cache/6d9df047c2ec4b20303e23a40cded5ce/r/a/radlrdss2208_a_.jpg","https://static.aashniandco.com/pub/media/catalog/product/cache/6d9df047c2ec4b20303e23a40cded5ce/r/a/radlrdss2205_a_.jpg","https://static.aashniandco.com/pub/media/catalog/product/cache/6d9df047c2ec4b20303e23a40cded5ce/r/a/radlrdss2204_a_.jpg","https://static.aashniandco.com/pub/media/catalog/product/cache/6d9df047c2ec4b20303e23a40cded5ce/r/a/radlrdss2201_a_.jpg","https://static.aashniandco.com/pub/media/catalog/product/cache/6d9df047c2ec4b20303e23a40cded5ce/r/a/radlrdss2203_a_.jpg","https://static.aashniandco.com/pub/media/catalog/product/cache/6d9df047c2ec4b20303e23a40cded5ce/r/a/radlrdss2202_a_.jpg","Bandhgalas, Bandis, Jackets, Kurta Sets, Kurtas, Sherwanis, Shirts"
"https://aashniandco.com/designers/rang-by-les-petits.html","Rang By Les Petits","3000-11550","Women","https://lespetits.in/","https://www.instagram.com/rangbylespetits/","","","","","","","","","","","","","","","https://static.aashniandco.com/pub/media/catalog/product/cache/6d9df047c2ec4b20303e23a40cded5ce/b/u/buy_pink_floral_print_lehenga_set_by_rang_by_les_petits-rlpaug23nd001_1_.jpg","https://static.aashniandco.com/pub/media/catalog/product/cache/6d9df047c2ec4b20303e23a40cded5ce/b/u/buy_pink_bird_and_floral_embroidery_lehenga_set_by_rang_by_les_petits-rlpaug23nd005_1_.jpg","https://static.aashniandco.com/pub/media/catalog/product/cache/6d9df047c2ec4b20303e23a40cded5ce/b/u/buy_green_geometric_print_lehenga_set_by_rang_by_les_petits-rlpaug23nd003_1_.jpg","https://static.aashniandco.com/pub/media/catalog/product/cache/6d9df047c2ec4b20303e23a40cded5ce/b/u/buy_green_plant_motif_jacket_kurta_set_by_rang_by_les_petits-rlpaug23nd006_1_.jpg","https://static.aashniandco.com/pub/media/catalog/product/cache/6d9df047c2ec4b20303e23a40cded5ce/b/u/buy_blue_bird_motif_jacket_kurta_set_by_rang_by_les_petits-rlpaug23nd004_1_.jpg","https://static.aashniandco.com/pub/media/catalog/product/cache/6d9df047c2ec4b20303e23a40cded5ce/b/u/buy_yellow_shell_motif_embroidery_jacket_kurta_set_by_rang_by_les_petits-rlpaug23nd008__1_.jpg","Anarkalis, Bandis, Kurta Sets, Lehengas, Sherwanis"
"https://aashniandco.com/designers/rhapsody.html","Rhapsody","3200-3500","Women","","","","","","","","","","","","","","","","","https://static.aashniandco.com/pub/media/catalog/product/cache/6d9df047c2ec4b20303e23a40cded5ce/r/h/rhaoct04_a_.jpg","https://static.aashniandco.com/pub/media/catalog/product/cache/6d9df047c2ec4b20303e23a40cded5ce/r/h/rhaoct02_a_.jpg","https://static.aashniandco.com/pub/media/catalog/product/cache/6d9df047c2ec4b20303e23a40cded5ce/r/h/rhaoct08_a_.jpg","https://static.aashniandco.com/pub/media/catalog/product/cache/6d9df047c2ec4b20303e23a40cded5ce/r/h/rhaoct03_a_.jpg","https://static.aashniandco.com/pub/media/catalog/product/cache/6d9df047c2ec4b20303e23a40cded5ce/r/h/rhaoct07_a_.jpg","https://static.aashniandco.com/pub/media/catalog/product/cache/6d9df047c2ec4b20303e23a40cded5ce/r/h/rhaoct17_a_.jpg","Shoes"
"https://aashniandco.com/designers/roma-narsinghani.html","Roma Narsinghani","3708-22660","Women","https://romanarsinghani.com/","https://www.instagram.com/romanarsinghaniofficial/","","","","","","","","","","","","","","","https://static.aashniandco.com/pub/media/catalog/product/cache/6d9df047c2ec4b20303e23a40cded5ce/b/u/buy_green_gold_plated_scallop_enamelled_choker_by_roma_narsinghani-rommay23d211__1_.jpg","https://static.aashniandco.com/pub/media/catalog/product/cache/6d9df047c2ec4b20303e23a40cded5ce/b/u/buy_black_gold_plated_geometric_enamelled_upcycled_choker_by_roma_narsinghani-rommay23d207__1_.jpg","https://static.aashniandco.com/pub/media/catalog/product/cache/6d9df047c2ec4b20303e23a40cded5ce/b/u/buy_gold_plated_floral_swarovski_by_roma_narsinghani-rommay23d208_1_.jpg","https://static.aashniandco.com/pub/media/catalog/product/cache/6d9df047c2ec4b20303e23a40cded5ce/b/u/buy_black_gold_plated_enamelled_multi-functional_chain_by_roma_narsinghani-rommay23d206__1_.jpg","https://static.aashniandco.com/pub/media/catalog/product/cache/6d9df047c2ec4b20303e23a40cded5ce/b/u/buy_gold_plated_amulet_chain_choker_by_roma_narsinghani-rommay23d210__1_.jpg","https://static.aashniandco.com/pub/media/catalog/product/cache/6d9df047c2ec4b20303e23a40cded5ce/b/u/buy_gold_plated_thorn_chain_choker_by_roma_narsinghani-rommay23d213__1_.jpg","Bangles & Bracelets, Earrings, Hair Accessories, Necklaces, Rings"
"https://aashniandco.com/designers/rozana-by-zariin.html","Rozana by Zariin","799-6199","Women","","","","","","","","","","","","","","","","","https://static.aashniandco.com/pub/media/catalog/product/cache/6d9df047c2ec4b20303e23a40cded5ce/r/z/rzadmr337_a_.jpg","https://static.aashniandco.com/pub/media/catalog/product/cache/6d9df047c2ec4b20303e23a40cded5ce/r/z/rzadmr338_a_.jpg","https://static.aashniandco.com/pub/media/catalog/product/cache/6d9df047c2ec4b20303e23a40cded5ce/r/z/rzadmr339_a_.jpg","https://static.aashniandco.com/pub/media/catalog/product/cache/6d9df047c2ec4b20303e23a40cded5ce/r/z/rzadmr341_a_.jpg","https://static.aashniandco.com/pub/media/catalog/product/cache/6d9df047c2ec4b20303e23a40cded5ce/r/z/rzadmb264_a_.jpg","https://static.aashniandco.com/pub/media/catalog/product/cache/6d9df047c2ec4b20303e23a40cded5ce/r/z/rzadmb266_a_.jpg","Bangles & Bracelets, Earrings, Hair Accessories, Necklaces, Rings"
"https://aashniandco.com/designers/s-g-home.html","S.G Home","","","","","","","","","","","","","","","","","","","https://static.aashniandco.com/pub/media/catalog/product/cache/6d9df047c2ec4b20303e23a40cded5ce/b/u/buy_white_and_gold_marble_table_by_s.g_home-sghaug23d2a008__1_.jpg","https://static.aashniandco.com/pub/media/catalog/product/cache/6d9df047c2ec4b20303e23a40cded5ce/b/u/buy_brown_and_gold_wooden_table_by_s.g_home-sghaug23d2a009__1_.jpg","https://static.aashniandco.com/pub/media/catalog/product/cache/6d9df047c2ec4b20303e23a40cded5ce/b/u/buy_black_and_white_marble_cake_server_by_s.g_home-sghaug23d2a015__4_.jpg","https://static.aashniandco.com/pub/media/catalog/product/cache/6d9df047c2ec4b20303e23a40cded5ce/b/u/buy_gold_floral_vase_by_s.g_home-sghaug23d2a017__2_.jpg","https://static.aashniandco.com/pub/media/catalog/product/cache/6d9df047c2ec4b20303e23a40cded5ce/b/u/buy_clear_glass_decanter_by_s.g_home-sghaug23d2a006__1_.jpg","https://static.aashniandco.com/pub/media/catalog/product/cache/6d9df047c2ec4b20303e23a40cded5ce/b/u/buy_brown_round_leather_magazine_holder_by_s.g_home-sghaug23d2a026__2_.jpg","Bar & Drinkware, Bowls, Cake Stands & Domes, Candles & Home Fragrances, Coasters & Trivets, Cutlery, End & Side Tables, Idols & Figurines, Kitchen Essentials, Lamps & Lanterns, Organizers, Pots & Planters, Serveware, Table Decor, Trays & Plates, Tumblers & Jugs, Votives, Wall Decor"
"https://aashniandco.com/designers/sailesh-singhania.html","Sailesh Singhania","10500-446400","Women","","","","","","","","","","","","","","","","","https://static.aashniandco.com/pub/media/catalog/product/cache/6d9df047c2ec4b20303e23a40cded5ce/s/s/ssglfw1922.jpg","https://static.aashniandco.com/pub/media/catalog/product/cache/6d9df047c2ec4b20303e23a40cded5ce/s/s/ssglfw1920.jpg","https://static.aashniandco.com/pub/media/catalog/product/cache/6d9df047c2ec4b20303e23a40cded5ce/s/s/ssglfw1919.jpg","https://static.aashniandco.com/pub/media/catalog/product/cache/6d9df047c2ec4b20303e23a40cded5ce/s/s/ssglfw1918.jpg","https://static.aashniandco.com/pub/media/catalog/product/cache/6d9df047c2ec4b20303e23a40cded5ce/s/s/ssglfw1915.jpg","https://static.aashniandco.com/pub/media/catalog/product/cache/6d9df047c2ec4b20303e23a40cded5ce/s/s/ssglfw1913.jpg","Anarkalis, Capes, Jackets, Kurta Sets, Lehengas, Sarees, Tops"
"https://aashniandco.com/designers/saksham-neharicka.html","Saksham & Neharicka","3500-158000","Women","https://sakshamneharicka.com/","https://instagram.com/sakshamneharicka?igshid=MmIzYWVlNDQ5Yg==","","","","","","","","","","","","","","","https://static.aashniandco.com/pub/media/catalog/product/cache/6d9df047c2ec4b20303e23a40cded5ce/b/u/buy_pink_metallic_embellished_printed_sari_set_by_saksham___neharicka__1_.jpg","https://static.aashniandco.com/pub/media/catalog/product/cache/6d9df047c2ec4b20303e23a40cded5ce/b/u/buy_pink_floral_printed_sari_set_by_saksham___neharicka__1_.jpg","https://static.aashniandco.com/pub/media/catalog/product/cache/6d9df047c2ec4b20303e23a40cded5ce/b/u/buy_pink_artsy_print_waistcoat_set_by_saksham___neharicka__1_.jpg","https://static.aashniandco.com/pub/media/catalog/product/cache/6d9df047c2ec4b20303e23a40cded5ce/b/u/buy_green_floral_jaal_patchwork_sari_set_by_saksham___neharicka__1_.jpg","https://static.aashniandco.com/pub/media/catalog/product/cache/6d9df047c2ec4b20303e23a40cded5ce/b/u/buy_green_floral_patchwork_sari_set_by_saksham___neharicka__1_.jpg","https://static.aashniandco.com/pub/media/catalog/product/cache/6d9df047c2ec4b20303e23a40cded5ce/b/u/buy_green_embroidered_peplum_gharara_set_by_saksham___neharicka__1_.jpg","Bags, Belts, Co-ords, Dresses, Kurta Sets, Kurtas, Lehengas, Sarees, Shararas, Tops, Tunics & Kurtis"
"https://aashniandco.com/designers/sg-collection.html","SG Collection","5500-18200","Women","https://soniagulrajani.com/","https://www.instagram.com/thesgcollection/?hl=en","","","","","","","","","","","","","","","https://static.aashniandco.com/pub/media/catalog/product/cache/6d9df047c2ec4b20303e23a40cded5ce/b/u/buy_gold_and_silver_sequin_embellished_potli_bag_by_sg_collection-sgcnov23fes004__1_.jpg","https://static.aashniandco.com/pub/media/catalog/product/cache/6d9df047c2ec4b20303e23a40cded5ce/b/u/buy_gold_cutdana_and_sequin_embellished_potli_bag_by_sg_collection-sgcnov23fes001__1_.jpg","https://static.aashniandco.com/pub/media/catalog/product/cache/6d9df047c2ec4b20303e23a40cded5ce/b/u/buy_gold_leaf_bead_and_sequin_potli_bag_by_sg_collection-sgcnov23fes002__1_.jpg","https://static.aashniandco.com/pub/media/catalog/product/cache/6d9df047c2ec4b20303e23a40cded5ce/b/u/buy_gold_floral_mirror_embroidery_potli_bag_by_sg_collection-sgcnov23fes003__1_.jpg","https://static.aashniandco.com/pub/media/catalog/product/cache/6d9df047c2ec4b20303e23a40cded5ce/b/u/buy_ivory_pearl_and_diamond_embellished_potli_bag_by_sg_collection-sgcnov23fes005__1_.jpg","https://static.aashniandco.com/pub/media/catalog/product/cache/6d9df047c2ec4b20303e23a40cded5ce/b/u/buy_black_and_white_floral_embroidery_potli_bag_by_sg_collection-sgcnov23fes006__1_.jpg","Bags"
"https://aashniandco.com/designers/shirrin-design-co.html","Shirrin Design Co","23000-63000","Men","https://www.shirrindesignco.com/","https://www.instagram.com/shirrindesignco/","","","","","","","","","","","","","","","https://static.aashniandco.com/pub/media/catalog/product/cache/6d9df047c2ec4b20303e23a40cded5ce/s/h/shrss09_b_.jpg","https://static.aashniandco.com/pub/media/catalog/product/cache/6d9df047c2ec4b20303e23a40cded5ce/i/m/img_3854.jpg","https://static.aashniandco.com/pub/media/catalog/product/cache/6d9df047c2ec4b20303e23a40cded5ce/s/h/shrss30_b_.jpg","https://static.aashniandco.com/pub/media/catalog/product/cache/6d9df047c2ec4b20303e23a40cded5ce/s/h/shrss26b_b_.jpg","https://static.aashniandco.com/pub/media/catalog/product/cache/6d9df047c2ec4b20303e23a40cded5ce/s/h/shrss06_c_.jpg","https://static.aashniandco.com/pub/media/catalog/product/cache/6d9df047c2ec4b20303e23a40cded5ce/s/h/shrss14_d_.jpg","Bandis, Kurta Sets, Sherwanis"
"https://aashniandco.com/designers/shradha-hedau.html","Shradha Hedau","5500-18900","Women","http://shradhahedau.com/","https://www.instagram.com/shradhahedau_official/","","","","","","","","","","","","","","","https://static.aashniandco.com/pub/media/catalog/product/cache/6d9df047c2ec4b20303e23a40cded5ce/b/u/buy_wine_floral_zari_embroidery_block_heels_by_shradha_hedau-shr45176001154__1_.jpg","https://static.aashniandco.com/pub/media/catalog/product/cache/6d9df047c2ec4b20303e23a40cded5ce/b/u/buy_onion_pink_leaf_embroidery_platform_wedges_by_shradha_hedau-shrsep23d1002__1_.jpg","https://static.aashniandco.com/pub/media/catalog/product/cache/6d9df047c2ec4b20303e23a40cded5ce/b/u/buy_gold_stone_embellished_curved_heels_by_shradha_hedau-shr45176001155__1_.jpg","https://static.aashniandco.com/pub/media/catalog/product/cache/6d9df047c2ec4b20303e23a40cded5ce/b/u/buy_beige_floral_zari_embroidery_block_heels_by_shradha_hedau-shr45176001153__1_.jpg","https://static.aashniandco.com/pub/media/catalog/product/cache/6d9df047c2ec4b20303e23a40cded5ce/b/u/buy_peach_floral_embroidery_platform_wedges_by_shradha_hedau-shrsep23d1003__1_.jpg","https://static.aashniandco.com/pub/media/catalog/product/cache/6d9df047c2ec4b20303e23a40cded5ce/b/u/buy_mint_bugle_bead_embroidery_mule_heels_by_shradha_hedau-shrsep23d1004__1_.jpg","Shoes"
"https://aashniandco.com/designers/shvet-silver.html","Shvet Silver","","","","","","","","","","","","","","","","","","","","","","","","",""
"https://aashniandco.com/designers/stoique.html","StoÃ¯que","3200-14900","Women","https://www.stoiqueshop.com/","https://www.instagram.com/stoiquestudio/","","","","","","","","","","","","","","","https://static.aashniandco.com/pub/media/catalog/product/cache/6d9df047c2ec4b20303e23a40cded5ce/b/u/buy_pink_stripe_print_scarf_by_sto__que-sqtaug2333__2_.jpg","https://static.aashniandco.com/pub/media/catalog/product/cache/6d9df047c2ec4b20303e23a40cded5ce/b/u/buy_pink_stripe_print_gathered_skirt_by_sto__que-sqtaug2329__3_.jpg","https://static.aashniandco.com/pub/media/catalog/product/cache/6d9df047c2ec4b20303e23a40cded5ce/b/u/buy_pink_stripe_print_skirt_by_sto__que-sqtaug2318__2_.jpg","https://static.aashniandco.com/pub/media/catalog/product/cache/6d9df047c2ec4b20303e23a40cded5ce/b/u/buy_pink_stripe_print_oversized_shirt_by_sto__que-sqtaug2317__1_.jpg","https://static.aashniandco.com/pub/media/catalog/product/cache/6d9df047c2ec4b20303e23a40cded5ce/b/u/buy_natural_anti-fit_crop_top_by_sto__que-sqtaug2326__5_.jpg","https://static.aashniandco.com/pub/media/catalog/product/cache/6d9df047c2ec4b20303e23a40cded5ce/b/u/buy_pink_stripe_print_flared_dress_by_sto__que-sqtaug2332__4_.jpg","Dresses, Jackets, Pants, Scarves & Stoles, Skirts, Tops, Tunics & Kurtis"
"https://aashniandco.com/designers/summi-singh.html","Summi Singh","12499-55000","Women","https://m.facebook.com/Summi-Singh-jewllery-2144623452436698/","https://www.instagram.com/summisinghjewellery/?hl=en","","","","","","","","","","","","","","","https://static.aashniandco.com/pub/media/catalog/product/cache/6d9df047c2ec4b20303e23a40cded5ce/s/m/smsaas14._1_.jpg","https://static.aashniandco.com/pub/media/catalog/product/cache/6d9df047c2ec4b20303e23a40cded5ce/s/m/smsaas19..jpg","https://static.aashniandco.com/pub/media/catalog/product/cache/6d9df047c2ec4b20303e23a40cded5ce/s/m/smsaas27_a._.jpg","https://static.aashniandco.com/pub/media/catalog/product/cache/6d9df047c2ec4b20303e23a40cded5ce/s/m/smsaas8_a._.jpg","https://static.aashniandco.com/pub/media/catalog/product/cache/6d9df047c2ec4b20303e23a40cded5ce/s/m/smsaas15._a_.jpg","https://static.aashniandco.com/pub/media/catalog/product/cache/6d9df047c2ec4b20303e23a40cded5ce/s/m/smsaas5_a._.jpg","Bangles & Bracelets, Earrings, Necklaces"
"https://aashniandco.com/designers/sva-sonam-and-paras-modi.html","SVA by Sonam and Paras Modi","9500-310000","Women","http://www.svacouture.com/","https://www.instagram.com/svacouture/?hl=en","","","","","","","","","","","","","","","https://static.aashniandco.com/pub/media/catalog/product/cache/6d9df047c2ec4b20303e23a40cded5ce/b/u/buy_beige_metallic_embellished_lehenga_set_by_sva_by_sonam_and_paras_modi-svanov23d206__1_.jpg","https://static.aashniandco.com/pub/media/catalog/product/cache/6d9df047c2ec4b20303e23a40cded5ce/b/u/buy_blue_scallop_embellished_lehenga_set_by_sva_by_sonam_and_paras_modi-svanov23d205__1_.jpg","https://static.aashniandco.com/pub/media/catalog/product/cache/6d9df047c2ec4b20303e23a40cded5ce/b/u/buy_blue_texture_embellished_jacket_set_by_sva_by_sonam_and_paras_modi-svanov23d203__1_.jpg","https://static.aashniandco.com/pub/media/catalog/product/cache/6d9df047c2ec4b20303e23a40cded5ce/b/u/buy_blue_boho_stripe_print_jacket_set_by_sva_by_sonam_and_paras_modi-svanov23d202__1_.jpg","https://static.aashniandco.com/pub/media/catalog/product/cache/6d9df047c2ec4b20303e23a40cded5ce/b/u/buy_blue_geometric_print_jumpsuit_by_sva_by_sonam_and_paras_modi-svanov23d201__1_.jpg","https://static.aashniandco.com/pub/media/catalog/product/cache/6d9df047c2ec4b20303e23a40cded5ce/b/u/buy_blue_boho_print_open_kaftan_set_by_sva_by_sonam_and_paras_modi-svanov23d228__1_.jpg","Anarkalis, Bandhgalas, Bandis, Blazers, Capes, Co-ords, Dresses, Gowns, Jackets, Jumpsuits, Kurta Sets, Kurtas, Lehengas, Nehru Jackets, Sarees, Shararas, Sherwanis, Shirts, Tunics & Kurtis"
"https://aashniandco.com/designers/throw-pillow.html","Throw Pillow","","","","","","","","","","","","","","","","","","","https://static.aashniandco.com/pub/media/catalog/product/cache/6d9df047c2ec4b20303e23a40cded5ce/b/u/buy_orange_tassel_square_cushion_cover_by_throw_pillowtwpaug23d1001__1_.jpg","https://static.aashniandco.com/pub/media/catalog/product/cache/6d9df047c2ec4b20303e23a40cded5ce/b/u/buy_iceblue_fringe_edged_square_cushion_cover_by_throw_pillowtwpaug23d1009__1_.jpg","https://static.aashniandco.com/pub/media/catalog/product/cache/6d9df047c2ec4b20303e23a40cded5ce/b/u/buy_blue_tassel_square_cushion_cover_by_throw_pillowtwpaug23d1004__1_.jpg","https://static.aashniandco.com/pub/media/catalog/product/cache/6d9df047c2ec4b20303e23a40cded5ce/b/u/buy_multicolour_pompom_rectangular_cushion_cover_by_throw_pillowtwpaug23d1003__1_.jpg","https://static.aashniandco.com/pub/media/catalog/product/cache/6d9df047c2ec4b20303e23a40cded5ce/t/p/tpc_22-1-_1_.jpg","https://static.aashniandco.com/pub/media/catalog/product/cache/6d9df047c2ec4b20303e23a40cded5ce/b/u/buy_multicolour_pompom_square_cushion_cover_by_throw_pillowtwpaug23d1002__1_.jpg","Curtains & Drapes, Cushions & Shams, Quilts & Coverlets, Table Linen"
"https://aashniandco.com/designers/tisastudio.html","TISASTUDIO","11200-145600","Men","https://www.tisastudio.in/","https://www.instagram.com/tisastudio/?hl=en","","","","","","","","","","","","","","","https://static.aashniandco.com/pub/media/catalog/product/cache/6d9df047c2ec4b20303e23a40cded5ce/b/u/buy_navy_blue_embroidered_short_kurta_and_pants_by_tisastudio-tisnov23cou025__1_.jpg","https://static.aashniandco.com/pub/media/catalog/product/cache/6d9df047c2ec4b20303e23a40cded5ce/b/u/buy_navy_blue_motif_embroidered_open_jacket_kurta_set_by_tisastudio-tisnov23cou015__1_.jpg","https://static.aashniandco.com/pub/media/catalog/product/cache/6d9df047c2ec4b20303e23a40cded5ce/b/u/buy_navu_blue_embroidered_open_jacket_set_by_tisastudio-tisnov23cou016__2_.jpg","https://static.aashniandco.com/pub/media/catalog/product/cache/6d9df047c2ec4b20303e23a40cded5ce/b/u/buy_navy_blue_embroidered_open_jacket_kurta_set_by_tisastudio-tisnov23cou014__2_.jpg","https://static.aashniandco.com/pub/media/catalog/product/cache/6d9df047c2ec4b20303e23a40cded5ce/b/u/buy_navy_blue_embroidery_bandhgala_set_by_tisastudio-tisnov23cou011__2_.jpg","https://static.aashniandco.com/pub/media/catalog/product/cache/6d9df047c2ec4b20303e23a40cded5ce/b/u/buy_navy_blue_diagonal_embroidery_bandhgala_kurta_set_by_tisastudio-tisnov23cou009__2_.jpg","Bandhgalas, Bandis, Blazers, Jackets, Kurta Sets, Kurtas, Sherwanis, Shirts"
"https://aashniandco.com/designers/toramally.html","Toramally","9800-44740","Women","https://www.facebook.com/toramally/","https://www.instagram.com/toramallyofficial/","","","","","","","","","","","","","","","https://static.aashniandco.com/pub/media/catalog/product/cache/6d9df047c2ec4b20303e23a40cded5ce/t/o/torss1905_a_.jpg","https://static.aashniandco.com/pub/media/catalog/product/cache/6d9df047c2ec4b20303e23a40cded5ce/t/o/torss1907_a_.jpg","https://static.aashniandco.com/pub/media/catalog/product/cache/6d9df047c2ec4b20303e23a40cded5ce/t/o/torss1903_a_.jpg","https://static.aashniandco.com/pub/media/catalog/product/cache/6d9df047c2ec4b20303e23a40cded5ce/t/o/torss1912_a_.jpg","https://static.aashniandco.com/pub/media/catalog/product/cache/6d9df047c2ec4b20303e23a40cded5ce/t/o/torss1913_a_.jpg","https://static.aashniandco.com/pub/media/catalog/product/cache/6d9df047c2ec4b20303e23a40cded5ce/t/o/torss1901_a_.jpg","Shoes"
"https://aashniandco.com/designers/valliyan.html","Valliyan","4450-17716","Women","https://www.valliyan.com/","https://instagram.com/valliyan?utm_medium=copy_link","","","","","","","","","","","","","","","https://static.aashniandco.com/pub/media/catalog/product/cache/6d9df047c2ec4b20303e23a40cded5ce/b/u/buy_gold_and_silver_cross_polki_necklace_by_valliyan-vnajul2301__1_.jpg","https://static.aashniandco.com/pub/media/catalog/product/cache/6d9df047c2ec4b20303e23a40cded5ce/b/u/buy_gold_and_silver_geometric_polki_necklace_by_valliyan-vnajul2302__1_.jpg","https://static.aashniandco.com/pub/media/catalog/product/cache/6d9df047c2ec4b20303e23a40cded5ce/b/u/buy_gold_and_silver_geometrical_polki_necklace_by_valliyan-vnajul2303__1_.jpg","https://static.aashniandco.com/pub/media/catalog/product/cache/6d9df047c2ec4b20303e23a40cded5ce/b/u/buy_gold_and_silver_floral_polki_necklace_by_valliyan-vnajul2304__1_.jpg","https://static.aashniandco.com/pub/media/catalog/product/cache/6d9df047c2ec4b20303e23a40cded5ce/b/u/buy_gold_and_silver_bow_polki_necklace_by_valliyan-vnajul2305__1_.jpg","https://static.aashniandco.com/pub/media/catalog/product/cache/6d9df047c2ec4b20303e23a40cded5ce/b/u/buy_gold_and_silver_vatican_symbol_polki_necklace_by_valliyan-vnajul2307__1_.jpg","Bangles & Bracelets, Earrings, Hair Accessories, Hand Harness, Necklaces, Rings"
"https://aashniandco.com/designers/veruschka.html","Veruschka","3899-18400","Women","https://www.veruschka.in/","https://www.instagram.com/veruschkashoes/","","","","","","","","","","","","","","","https://static.aashniandco.com/pub/media/catalog/product/cache/6d9df047c2ec4b20303e23a40cded5ce/b/u/buy_gold_holographic_block_heels_by_veruschka-verjun2303__1_.jpg","https://static.aashniandco.com/pub/media/catalog/product/cache/6d9df047c2ec4b20303e23a40cded5ce/b/u/buy_pink_holographic_block_heels_by_veruschka-verjun2302__1_.jpg","https://static.aashniandco.com/pub/media/catalog/product/cache/6d9df047c2ec4b20303e23a40cded5ce/b/u/buy_silver_holographic_block_heels_by_veruschka-verjun2304__1_.jpg","https://static.aashniandco.com/pub/media/catalog/product/cache/6d9df047c2ec4b20303e23a40cded5ce/b/u/buy_rainbow_holographic_block_heels_by_veruschka-verjun2301__1_.jpg","https://static.aashniandco.com/pub/media/catalog/product/cache/6d9df047c2ec4b20303e23a40cded5ce/b/u/buy_deep_green_zardozi_embroidered_wedges_by_veruschka-verjun2305__1_.jpg","https://static.aashniandco.com/pub/media/catalog/product/cache/6d9df047c2ec4b20303e23a40cded5ce/b/u/buy_rose_pink_embroidered_peep_toe_wedges_by_veruschka__1_.jpg","Shoes"
"https://aashniandco.com/designers/vineetrahul-nanhe.html","VINEETRAHUL nanhe","5600-8600","","","https://www.instagram.com/vineetrahulofficial/?hl=en","","","","","","","","","","","","","","","https://static.aashniandco.com/pub/media/catalog/product/cache/6d9df047c2ec4b20303e23a40cded5ce/v/r/vrnkd20sai002_a_.jpg","https://static.aashniandco.com/pub/media/catalog/product/cache/6d9df047c2ec4b20303e23a40cded5ce/v/r/vrnkd20sai006_a_.jpg","https://static.aashniandco.com/pub/media/catalog/product/cache/6d9df047c2ec4b20303e23a40cded5ce/v/r/vrnkd20sai003_a_.jpg","https://static.aashniandco.com/pub/media/catalog/product/cache/6d9df047c2ec4b20303e23a40cded5ce/v/r/vrnkd20sai005_a_.jpg","https://static.aashniandco.com/pub/media/catalog/product/cache/6d9df047c2ec4b20303e23a40cded5ce/v/r/vrnkd20sai004_b_.jpg","https://static.aashniandco.com/pub/media/catalog/product/cache/6d9df047c2ec4b20303e23a40cded5ce/v/r/vrnkd20sai009_a_.jpg","Co-ords, Dresses"
"https://aashniandco.com/designers/waraq.html","Waraq","5160-9800","Women","https://www.waraq.in/","","","","","","","","","","","","","","","","https://static.aashniandco.com/pub/media/catalog/product/cache/6d9df047c2ec4b20303e23a40cded5ce/w/a/warsa04mn20_a_.jpg","https://static.aashniandco.com/pub/media/catalog/product/cache/6d9df047c2ec4b20303e23a40cded5ce/w/a/warpu03wn20_a_.jpg","https://static.aashniandco.com/pub/media/catalog/product/cache/6d9df047c2ec4b20303e23a40cded5ce/w/a/warsa03mt20_a_.jpg","https://static.aashniandco.com/pub/media/catalog/product/cache/6d9df047c2ec4b20303e23a40cded5ce/w/a/warju02mb20_a_.jpg","https://static.aashniandco.com/pub/media/catalog/product/cache/6d9df047c2ec4b20303e23a40cded5ce/w/a/warsq03wo20_a_.jpg","","Shoes"
"https://aashniandco.com/designers/weaver-story.html","Weaver Story","4999-160821","Women","https://weaverstory.com/","https://www.instagram.com/real_weaverstory/?hl=en","","","","","","","","","","","","","","","https://static.aashniandco.com/pub/media/catalog/product/cache/6d9df047c2ec4b20303e23a40cded5ce/b/u/buy_pink_zardozi_embroidery_lehenga_set_by_weaver_story-weaoct23mas02__1_.jpg","https://static.aashniandco.com/pub/media/catalog/product/cache/6d9df047c2ec4b20303e23a40cded5ce/b/u/buy_rani_pink_zardozi_embroidery_angrakha_set_by_weaver_story-weaoct23mas12__3_.jpg","https://static.aashniandco.com/pub/media/catalog/product/cache/6d9df047c2ec4b20303e23a40cded5ce/b/u/buy_rani_pink_zardozi_embroidery_kurta_set_by_weaver_story-weaoct23mas10__3_.jpg","https://static.aashniandco.com/pub/media/catalog/product/cache/6d9df047c2ec4b20303e23a40cded5ce/b/u/buy_sea_blue_zardozi_embroidery_cape_set_by_weaver_story-weaoct23mas05__2_.jpg","https://static.aashniandco.com/pub/media/catalog/product/cache/6d9df047c2ec4b20303e23a40cded5ce/b/u/buy_sea_blue_zardozi_embroidery_kurta_set_by_weaver_story-weaoct23mas03__1_.jpg","https://static.aashniandco.com/pub/media/catalog/product/cache/6d9df047c2ec4b20303e23a40cded5ce/b/u/buy_chartreuse_green_zardozi_embroidery_sharara_set_by_weaver_story-weaoct23mas08__1_.jpg","Anarkalis, Capes, Dresses, Jackets, Kurta Sets, Kurtas, Lehengas, Sarees, Shararas, Tops"